{"learning_rate":5.0000000204973e-05,"_timestamp":1.7736537813552194e+09,"loss":2.0948641300201416,"epoch_time":0,"_runtime":6123,"_step":739,"logits_loss":2.0948641300201416,"aux_loss":0,"_wandb":{"runtime":6123}}